{"elementsCount":[100,2500,10000,250000,1000000,4000000,9000000,16000000],"features":{"ruby":{"addition":[],"subtraction":[],"multiplication":[],"determinant":[]},"jruby":{"addition":[[100,0.001521],[2500,0.004161],[10000,0.010107],[250000,0.229016],[1000000,1.095285],[4000000,9.326916],[9000000,27.673846],[16000000,64.713146]],"subtraction":[[100,0.001066],[2500,0.003269],[10000,0.009412],[250000,0.14905],[1000000,0.961233],[4000000,7.419214],[9000000,25.985296],[16000000,58.682394]],"multiplication":[[100,0.002186],[2500,0.008456],[10000,0.016769],[250000,0.275117],[1000000,2.673371],[4000000,14.549504],[9000000,51.385798],[16000000,115.4586]],"determinant":[[100,0.000322],[2500,0.00015],[10000,0.000115],[250000,0.000185],[1000000,0.000189],[4000000,0.000311],[9000000,0.000503],[16000000,0.000474]]}}}
