{"elementsCount":[],"features":{"jruby":{"addition":[[100,0.000656],[2500,0.000279],[10000,0.000539],[250000,0.025851],[1000000,0.005149],[4000000,0.016194],[9000000,0.034405],[16000000,0.060472],[25000000,0.09155]],"subtraction":[[100,0.000509],[2500,0.000254],[10000,0.000558],[250000,0.00436],[1000000,0.005653],[4000000,0.016425],[9000000,0.03339],[16000000,0.058737],[25000000,0.091778]],"multiplication":[[100,0.001972],[2500,0.010757],[10000,0.022783],[250000,0.370068],[1000000,1.947051],[4000000,11.753592],[9000000,39.383528],[16000000,81.576011],[25000000,151.373159]],"determinant":[]},"ruby":{"addition":[],"subtraction":[],"multiplication":[],"determinant":[]}}}