{"elementsCount":[100,2500,10000,250000,1000000,4000000,9000000,16000000,25000000],"features":{"ruby":{"addition":[[100,7.3e-05],[2500,0.000512],[10000,0.001959],[250000,0.057253],[1000000,0.228651],[4000000,0.870341],[9000000,2.105575],[16000000,3.417006],[25000000,5.185035]],"subtraction":[[100,3.1e-05],[2500,0.000517],[10000,0.001982],[250000,0.057108],[1000000,0.217322],[4000000,0.838321],[9000000,2.093668],[16000000,3.821016],[25000000,5.930329]],"multiplication":[[100,9.0e-06],[2500,0.00013],[10000,0.001049],[250000,0.11997],[1000000,0.966317],[4000000,8.005428],[9000000,26.803613],[16000000,63.60866],[25000000,124.093618]]},"jruby":{"addition":[],"subtraction":[],"multiplication":[]}}}