{"elementsCount":[],"features":{"jruby":{"addition":[],"subtraction":[],"multiplication":[],"determinant":[]},"ruby":{"addition":[[100,7.0e-05],[2500,0.000469],[10000,0.001903],[250000,0.047751],[1000000,0.199009],[4000000,0.856459],[9000000,1.904347],[16000000,3.199816],[25000000,4.903198]],"subtraction":[[100,3.0e-05],[2500,0.000548],[10000,0.00194],[250000,0.049115],[1000000,0.208883],[4000000,0.80384],[9000000,1.934478],[16000000,3.653071],[25000000,5.701988]],"multiplication":[[100,8.0e-06],[2500,0.000131],[10000,0.001087],[250000,0.118597],[1000000,0.960162],[4000000,7.845131],[9000000,26.238159],[16000000,62.419371],[25000000,123.144288]],"determinant":[]}}}