{"elementsCount":[],"features":{"jruby":{"addition":[],"subtraction":[],"multiplication":[],"determinant":[]},"ruby":{"addition":[[100,0.000168],[2500,0.000965],[10000,0.001953],[250000,0.046947],[1000000,0.206169],[4000000,0.80101],[9000000,1.834701],[16000000,3.13829],[25000000,5.03285]],"subtraction":[[100,6.0e-05],[2500,0.000944],[10000,0.001945],[250000,0.050473],[1000000,0.209173],[4000000,0.81383],[9000000,1.848466],[16000000,3.625895],[25000000,5.75777]],"multiplication":[[100,0.025564],[2500,6.9e-05],[10000,0.009371],[250000,0.006419],[1000000,0.023338],[4000000,0.112507],[9000000,0.339653],[16000000,0.885026],[25000000,1.491633]],"determinant":[]}}}
